Model,Validation AUC
Logistic Regression,0.5514893617021277
LightGBM,0.4757446808510638
Random Forest,0.45673758865248226
CatBoost,0.4490780141843972
XGBoost,0.44170212765957445
