Model,Validation MAE,Validation R²
CatBoost,0.2133705720087323,0.16902911363921158
Random Forest,0.21391496376911856,0.16328515675078936
XGBoost,0.21882624414338817,0.12616648203034941
LightGBM,0.22057680631142842,0.1231018287310287
Ridge,0.4605260532408964,-37.69342160180767
