Strategy,Avg Return (%),Median Return (%),Sharpe Ratio,IPOs Invested,High-Risk Rate (%),vs Baseline (%)
Buy All,19.163932688180616,12.599999999999989,0.6364878149883947,253,26.08695652173913,0.0
Avoid High Risk,17.793916309541654,10.88888888888889,0.5794523448095574,110,27.27272727272727,-1.3700163786389608
Top 25% Returns,52.20026282629095,46.74999999999999,1.4678146823747673,64,4.6875,33.03633013811034
Combined Strategy,34.99443991124384,29.7857142857143,0.9980910151796927,53,11.320754716981133,15.83050722306322
