Strategy,Avg Return (%),Sharpe Ratio,IPOs Invested,High-Risk Rate (%),vs Baseline (%)
Baseline (All IPOs),17.064025258401756,0.6706187108103228,59,20.33898305084746,0.0
Avoid High-Risk,18.15020540073737,0.6257492511922734,25,28.000000000000004,1.0861801423356159
Top 25% Returns,18.191917377403314,0.6875766462154923,15,26.666666666666668,1.1278921190015585
Combined Strategy,19.524453644574123,0.6704040734820444,19,31.57894736842105,2.460428386172367
High Confidence,26.78001024740156,1.3754616459447566,6,0.0,9.715984988999804
